name	splice	description	strand	trsl start	trsl end	length	number of exons	PR binding region (from trsl start)
Nipbl	NM_027707	Nipped-B homolog (Drosophila) (Nipbl), transcript variant a, mRNA.	negative	8239823	8394463	154640	47	154442..155151:   starts before the first exon, ends in  exon 1 
Nipbl	NM_201232	Nipped-B homolog (Drosophila) (Nipbl), transcript variant b, mRNA.	negative	8239823	8394463	154640	46	154442..155151:   starts before the first exon, ends in  exon 1 
Pdzrn4	NM_001164593	PDZ domain containing RING finger 4 (Pdzrn4), transcript variant 1, mRNA.	positive	92227240	92602250	375010	10	165151..166344:   within  intron 3 	174408..174765:   within  intron 3 
Efcab6	NM_029946	EF-hand calcium binding domain 6 (Efcab6), transcript variant 1, mRNA.	negative	83697141	83895779	198638	32	131310..131780:   within  intron 6 
Egflam	NM_178748	EGF-like, fibronectin type III and laminin G domains (Egflam), transcript variant 2, mRNA.	negative	7156119	7348395	192276	22	81722..82291:   within  intron 6 	8691..9324:   within  intron 19 
Egflam	NM_001289496	EGF-like, fibronectin type III and laminin G domains (Egflam), transcript variant 1, mRNA.	negative	7156119	7348395	192276	23	81722..82291:   within  intron 6 	8691..9324:   within  intron 20 
Egflam	NM_001289498	EGF-like, fibronectin type III and laminin G domains (Egflam), transcript variant 3, mRNA.	negative	7156119	7348395	192276	23	81722..82291:   within  intron 6 	8691..9324:   within  intron 20 
Dab2	NM_001008702	disabled 2, mitogen-responsive phosphoprotein (Dab2), transcript variant 2, mRNA.	positive	6249788	6390709	140921	14	90515..91174:   within  intron 1 
Dab2	NM_023118	disabled 2, mitogen-responsive phosphoprotein (Dab2), transcript variant 1, mRNA.	positive	6249788	6390709	140921	15	90515..91174:   within  intron 1 
Dab2	NM_001037905	disabled 2, mitogen-responsive phosphoprotein (Dab2), transcript variant 3, mRNA.	positive	6249788	6390709	140921	14	90515..91174:   within  intron 1 
Dab2	NM_001102400	disabled 2, mitogen-responsive phosphoprotein (Dab2), transcript variant 4, mRNA.	positive	6249788	6390709	140921	13	90515..91174:   within  intron 1 
Dab2	NM_001310446	disabled 2, mitogen-responsive phosphoprotein (Dab2), transcript variant 5, mRNA.	positive	6249788	6390709	140921	14	90515..91174:   within  intron 1 
Dnah5	NM_133365	dynein, axonemal, heavy chain 5 (Dnah5), mRNA.	positive	28133520	28401800	268280	79	-426..98:   starts before the first exon, ends in  exon 1 
Ctnnd2	NM_008729	catenin (cadherin associated protein), delta 2 (Ctnnd2), mRNA.	positive	30102347	30959098	856751	23	113159..113477:   within  intron 1 	634430..634982:   within  intron 11 
Sema5a	NM_009154	sema domain, seven thrombospondin repeats (type 1 and type 1-like), transmembrane domain (TM) and short cytoplasmic domain, (semaphorin) 5A (Sema5a), mRNA.	positive	32174567	32626096	451529	23	111842..112541:   within  intron 2 	151988..152613:   within  intron 2 
Ywhaz	NM_001253807	tyrosine 3-monooxygenase/tryptophan 5-monooxygenase activation protein, zeta polypeptide (Ywhaz), transcript variant 4, mRNA.	negative	36700015	36726684	26669	5	23112..24447:   2.4 kbp upstream from the first exon
Ywhaz	NM_001253806	tyrosine 3-monooxygenase/tryptophan 5-monooxygenase activation protein, zeta polypeptide (Ywhaz), transcript variant 3, mRNA.	negative	36700015	36726684	26669	6	23112..24447:   within  intron 1 
Ywhaz	NM_001253805	tyrosine 3-monooxygenase/tryptophan 5-monooxygenase activation protein, zeta polypeptide (Ywhaz), transcript variant 2, mRNA.	negative	36700015	36726684	26669	6	23112..24447:   starts before the first exon, ends in  intron 1 
Ywhaz	NM_011740	tyrosine 3-monooxygenase/tryptophan 5-monooxygenase activation protein, zeta polypeptide (Ywhaz), transcript variant 1, mRNA.	negative	36700015	36726684	26669	7	23112..24447:   starts before the first exon, ends in  intron 2 
Csmd3	NM_001081391	CUB and Sushi multiple domains 3 (Csmd3), mRNA.	negative	47412183	48623535	1211352	71	106184..106762:   within  intron 45 
Asap1	NM_010026	ArfGAP with SH3 domain, ankyrin repeat and PH domain1 (Asap1), transcript variant 1, mRNA.	negative	63918401	64214481	296080	31	303754..304227:   7.7 kbp upstream from the first exon	133380..134044:   within  intron 3 	65492..66473:   starts in  intron 12, ends in   intron 13	5403..6404:   within  intron 29 
Asap1	NM_001276463	ArfGAP with SH3 domain, ankyrin repeat and PH domain1 (Asap1), transcript variant 4, mRNA.	negative	63918401	64214481	296080	28	303754..304227:   77.9 kbp upstream from the first exon	133380..134044:   within  intron 1 	65492..66473:   starts in  intron 9, ends in   intron 10	5403..6404:   within  intron 26 
Asap1	NM_001276462	ArfGAP with SH3 domain, ankyrin repeat and PH domain1 (Asap1), transcript variant 3, mRNA.	negative	63918401	64214481	296080	28	303754..304227:   77.9 kbp upstream from the first exon	133380..134044:   within  intron 1 	65492..66473:   starts in  intron 9, ends in   intron 10	5403..6404:   within  intron 26 
Asap1	NM_001276467	ArfGAP with SH3 domain, ankyrin repeat and PH domain1 (Asap1), transcript variant 5, mRNA.	negative	63918401	64214481	296080	30	303754..304227:   7.7 kbp upstream from the first exon	133380..134044:   within  intron 3 	65492..66473:   starts in  intron 12, ends in   intron 13	5403..6404:   within  intron 28 
Asap1	NM_001276461	ArfGAP with SH3 domain, ankyrin repeat and PH domain1 (Asap1), transcript variant 2, mRNA.	negative	63918401	64214481	296080	29	303754..304227:   7.7 kbp upstream from the first exon	133380..134044:   within  intron 3 	65492..66473:   starts in  intron 11, ends in   intron 12	5403..6404:   within  intron 27 
Kcnq3	NM_152923	potassium voltage-gated channel, subfamily Q, member 3 (Kcnq3), mRNA.	negative	65826476	66117786	291310	15	22938..23593:   within  intron 8 
Tnrc6b	NM_144812	trinucleotide repeat containing 6b (Tnrc6b), transcript variant 1, mRNA.	positive	80541742	80771516	229774	25	138717..139334:   within  intron 4 
Tnrc6b	NM_177124	trinucleotide repeat containing 6b (Tnrc6b), transcript variant 2, mRNA.	positive	80541742	80771516	229774	22	138717..139334:   within  intron 1 
Pmm1	NM_001282041	phosphomannomutase 1 (Pmm1), transcript variant 3, mRNA.	negative	81781535	81791360	9825	6	2853..3541:   within  intron 3 
Pmm1	NM_001282040	phosphomannomutase 1 (Pmm1), transcript variant 2, mRNA.	negative	81781535	81791360	9825	7	2853..3541:   within  intron 4 
Pmm1	NM_013872	phosphomannomutase 1 (Pmm1), transcript variant 1, mRNA.	negative	81781535	81791360	9825	8	2853..3541:   within  intron 5 
Myh9	NM_022410	myosin, heavy polypeptide 9, non-muscle (Myh9), mRNA.	negative	77591014	77672605	81591	41	68381..68816:   within  intron 1 	37954..38784:   within  intron 3 
Cerk	NM_145475	ceramide kinase (Cerk), mRNA.	negative	85969530	86016571	47041	13	30143..31366:   within  intron 1 	17495..17969:   starts in  intron 4, ends in   exon 5
Lima1	NM_023063	LIM domain and actin binding 1 (Lima1), transcript variant b, mRNA.	negative	99608898	99705887	96989	8	94122..94858:   52.4 kbp upstream from the first exon	20134..20823:   within  intron 4 	-6306..-4974:   5.0 kbp downstream from the last exon
Lima1	NM_001113545	LIM domain and actin binding 1 (Lima1), transcript variant a, mRNA.	negative	99608898	99705887	96989	11	94122..94858:   within  intron 1 	20134..20823:   within  intron 7 	-6306..-4974:   5.0 kbp downstream from the last exon
Slc38a1	NM_001166456	solute carrier family 38, member 1 (Slc38a1), transcript variant 2, mRNA.	negative	96401848	96473344	71496	16	37304..37701:   within  intron 4 
Slc38a1	NM_134086	solute carrier family 38, member 1 (Slc38a1), transcript variant 1, mRNA.	negative	96401848	96473344	71496	16	37304..37701:   within  intron 4 
Slc38a1	NM_001166458	solute carrier family 38, member 1 (Slc38a1), transcript variant 3, mRNA.	negative	96401848	96473344	71496	16	37304..37701:   within  intron 4 
AW549877	NM_145930	expressed sequence AW549877 (AW549877), mRNA.	negative	3932034	3945752	13718	6	1459..2066:   within  exon 6 
Ghr	NM_010284	growth hormone receptor (Ghr), transcript variant 1, mRNA.	negative	3267754	3533352	265598	11	164054..164411:   within  intron 1 	14001..14606:   within  intron 7 
Ghr	NM_001048178	growth hormone receptor (Ghr), transcript variant 2, mRNA.	negative	3267754	3533352	265598	9	164054..164411:   within  intron 1 	14001..14606:   within  intron 7 
Ghr	NM_001286370	growth hormone receptor (Ghr), transcript variant 4, mRNA.	negative	3267754	3533352	265598	11	164054..164411:   within  intron 1 	14001..14606:   within  intron 7 
C6	NM_016704	complement component 6 (C6), mRNA.	positive	4677209	4754045	76836	16	6898..7198:   within  intron 3 
Plcxd3	NM_177355	phosphatidylinositol-specific phospholipase C, X domain containing 3 (Plcxd3), mRNA.	positive	4325490	4525579	200089	3	56123..56628:   within  intron 1 
Slc1a3	NM_148938	solute carrier family 1 (glial high affinity glutamate transporter), member 3 (Slc1a3), mRNA.	negative	8584123	8660807	76684	10	33593..34294:   within  intron 3 	19130..19829:   within  intron 3 
Npr3	NM_001039181	natriuretic peptide receptor 3 (Npr3), transcript variant 2, mRNA.	negative	11769650	11837126	67476	8	65195..65913:   starts before the first exon, ends in  exon 1 
Npr3	NM_001286395	natriuretic peptide receptor 3 (Npr3), transcript variant 3, mRNA.	negative	11769650	11837126	67476	9	65195..65913:   within  intron 2 
Npr3	NM_008728	natriuretic peptide receptor 3 (Npr3), transcript variant 1, mRNA.	negative	11769650	11837126	67476	8	65195..65913:   starts before the first exon, ends in  exon 1 
Zfr	NM_011767	zinc finger RNA binding protein (Zfr), mRNA.	positive	12047605	12115205	67600	20	76169..77109:   8.6 kbp downstream from the last exon
Fam134b	NM_001034851	family with sequence similarity 134, member B (Fam134b), transcript variant 1, mRNA.	positive	25773052	25903451	130399	9	86140..86833:   within  intron 3 	97616..98295:   within  intron 3 	101635..102277:   within  intron 3 
Fam134b	NM_001277318	family with sequence similarity 134, member B (Fam134b), transcript variant 6, mRNA.	positive	25773052	25903451	130399	7	86140..86833:   3.4 kbp upstream from the first exon	97616..98295:   within  intron 1 	101635..102277:   within  intron 1 
Fam134b	NM_001277317	family with sequence similarity 134, member B (Fam134b), transcript variant 5, mRNA.	positive	25773052	25903451	130399	7	86140..86833:   12.5 kbp upstream from the first exon	97616..98295:   1.1 kbp upstream from the first exon	101635..102277:   within  intron 1 
Fam134b	NM_001277316	family with sequence similarity 134, member B (Fam134b), transcript variant 4, mRNA.	positive	25773052	25903451	130399	7	86140..86833:   10.7 kbp upstream from the first exon	97616..98295:   starts in  exon 1, ends in   intron 1	101635..102277:   within  intron 1 
Fam134b	NM_001277315	family with sequence similarity 134, member B (Fam134b), transcript variant 3, mRNA.	positive	25773052	25903451	130399	7	86140..86833:   10.6 kbp upstream from the first exon	97616..98295:   starts in  exon 1, ends in   intron 1	101635..102277:   within  intron 1 
Fam134b	NM_025459	family with sequence similarity 134, member B (Fam134b), transcript variant 2, mRNA.	positive	25773052	25903451	130399	8	86140..86833:   10.7 kbp upstream from the first exon	97616..98295:   starts in  exon 1, ends in   intron 2	101635..102277:   within  intron 2 
Myo10	NM_019472	myosin X (Myo10), mRNA.	positive	25552304	25743426	191122	41	2946..3735:   within  intron 1 	56349..57116:   within  intron 2 	150819..151863:   within  intron 19 
Trio	NM_001081302	triple functional domain (PTPRF interacting) (Trio), mRNA.	negative	27660403	27955603	295200	57	294995..295885:   starts before the first exon, ends in  exon 1 	221936..222630:   within  intron 1 	210400..211139:   within  intron 1 	173714..174192:   within  intron 4 	101012..101595:   starts in  intron 23, ends in   intron 24	91778..92394:   within  intron 30 	86396..87105:   within  intron 33 	84785..85552:   within  intron 33 	80013..80868:   within  intron 33 	51993..53456:   within  intron 34 	21770..22583:   starts in  intron 45, ends in   intron 46
Dap	NM_146057	death-associated protein (Dap), mRNA.	positive	31154139	31204093	49954	4	57589..58291:   7.6 kbp downstream from the last exon
Stk3	NM_019635	serine/threonine kinase 3 (Stk3), mRNA.	negative	34805253	35085561	280308	11	43669..44431:   within  intron 10 
Rnf19a	NM_013923	ring finger protein 19A (Rnf19a), mRNA.	negative	36169688	36212902	43214	10	9160..9643:   within  intron 5 
Rgs22	NM_001195748	regulator of G-protein signalling 22 (Rgs22), mRNA.	negative	35939231	36070155	130924	28	80271..81012:   within  intron 10 	69691..71814:   starts in  intron 13, ends in   intron 14	55905..57140:   within  intron 14 	32166..32741:   within  intron 20 
Ncald	NM_001170866	neurocalcin delta (Ncald), transcript variant 2, mRNA.	negative	37295929	37722183	426254	7	307234..307946:   within  intron 1 	170548..171347:   within  intron 4 	152690..153457:   within  intron 4 	140594..141374:   within  intron 4 	66071..67262:   within  intron 4 	64264..65230:   within  intron 4 
Ncald	NM_001170868	neurocalcin delta (Ncald), transcript variant 4, mRNA.	negative	37295929	37722183	426254	4	307234..307946:   214.0 kbp upstream from the first exon	170548..171347:   77.3 kbp upstream from the first exon	152690..153457:   59.5 kbp upstream from the first exon	140594..141374:   47.4 kbp upstream from the first exon	66071..67262:   within  intron 1 	64264..65230:   within  intron 1 
Ncald	NM_001170867	neurocalcin delta (Ncald), transcript variant 3, mRNA.	negative	37295929	37722183	426254	5	307234..307946:   214.0 kbp upstream from the first exon	170548..171347:   77.3 kbp upstream from the first exon	152690..153457:   59.5 kbp upstream from the first exon	140594..141374:   47.4 kbp upstream from the first exon	66071..67262:   within  intron 2 	64264..65230:   within  intron 2 
Ncald	NM_134094	neurocalcin delta (Ncald), transcript variant 1, mRNA.	negative	37295929	37722183	426254	7	307234..307946:   within  intron 1 	170548..171347:   within  intron 4 	152690..153457:   within  intron 4 	140594..141374:   within  intron 4 	66071..67262:   within  intron 4 	64264..65230:   within  intron 4 
Grhl2	NM_026496	grainyhead-like 2 (Drosophila) (Grhl2), mRNA.	positive	37162790	37293323	130533	16	-385..533:   starts before the first exon, ends in  intron 1 	77240..78020:   within  intron 8 
4930447A16Rik	NM_029113	RIKEN cDNA 4930447A16 gene (4930447A16Rik), mRNA.	positive	37355308	37370399	15091	4	4885..5851:   within  intron 2 	6692..7883:   within  intron 2 
Dcstamp	NM_001289508	dentrocyte expressed seven transmembrane protein (Dcstamp), transcript variant 3, mRNA.	positive	39577475	39592484	15009	4	364..813:   within  intron 1 
Dcstamp	NM_001289506	dentrocyte expressed seven transmembrane protein (Dcstamp), transcript variant 2, mRNA.	positive	39577475	39592484	15009	4	364..813:   within  intron 1 
Dcstamp	NM_029422	dentrocyte expressed seven transmembrane protein (Dcstamp), transcript variant 1, mRNA.	positive	39577475	39592484	15009	4	364..813:   within  intron 1 
Dcstamp	NM_001289513	dentrocyte expressed seven transmembrane protein (Dcstamp), transcript variant 5, mRNA.	positive	39577475	39592484	15009	4	364..813:   within  intron 1 
Dcstamp	NM_001289512	dentrocyte expressed seven transmembrane protein (Dcstamp), transcript variant 4, mRNA.	positive	39577475	39592484	15009	3	364..813:   within  intron 1 
Slc25a32	NM_172402	solute carrier family 25, member 32 (Slc25a32), mRNA.	negative	38925736	38944262	18526	7	12750..13109:   within  intron 1 
Oxr1	NM_001130166	oxidation resistance 1 (Oxr1), transcript variant 5, mRNA.	positive	41279027	41692593	413566	17	215311..215950:   within  intron 3 
Angpt1	NM_001286062	angiopoietin 1 (Angpt1), transcript variant 2, mRNA.	negative	42256212	42508523	252311	9	217037..217492:   within  intron 1 	166924..167462:   within  intron 1 
Angpt1	NM_009640	angiopoietin 1 (Angpt1), transcript variant 1, mRNA.	negative	42256212	42508523	252311	9	217037..217492:   within  intron 1 	166924..167462:   within  intron 1 
Sybu	NM_001285840	syntabulin (syntaxin-interacting) (Sybu), transcript variant d, mRNA.	negative	44503402	44580218	76816	7	39678..40373:   within  intron 3 	27903..28271:   within  intron 3 	5158..5623:   within  intron 5 	1668..2336:   starts in  intron 6, ends in   exon 7
Sybu	NM_001285843	syntabulin (syntaxin-interacting) (Sybu), transcript variant g, mRNA.	negative	44503402	44580218	76816	6	39678..40373:   5.0 kbp upstream from the first exon	27903..28271:   within  intron 2 	5158..5623:   within  intron 4 	1668..2336:   starts in  intron 5, ends in   exon 6
Sybu	NM_001285841	syntabulin (syntaxin-interacting) (Sybu), transcript variant e, mRNA.	negative	44503402	44580218	76816	4	39678..40373:   5.0 kbp upstream from the first exon	27903..28271:   within  intron 1 	5158..5623:   within  intron 2 	1668..2336:   starts in  intron 3, ends in   exon 4
Sybu	NM_001285844	syntabulin (syntaxin-interacting) (Sybu), transcript variant h, mRNA.	negative	44503402	44580218	76816	5	39678..40373:   5.0 kbp upstream from the first exon	27903..28271:   within  intron 1 	5158..5623:   within  intron 3 	1668..2336:   starts in  intron 4, ends in   exon 5
Sybu	NM_001285842	syntabulin (syntaxin-interacting) (Sybu), transcript variant f, mRNA.	negative	44503402	44580218	76816	5	39678..40373:   5.0 kbp upstream from the first exon	27903..28271:   within  intron 1 	5158..5623:   within  intron 3 	1668..2336:   starts in  intron 4, ends in   exon 5
Trps1	NM_032000	trichorhinophalangeal syndrome I (human) (Trps1), transcript variant 2, mRNA.	negative	50486304	50721587	235283	6	43077..44194:   within  intron 4 
Trps1	NM_001310481	trichorhinophalangeal syndrome I (human) (Trps1), transcript variant 1, mRNA.	negative	50486304	50721587	235283	6	43077..44194:   within  intron 4 
Trps1	NM_001310485	trichorhinophalangeal syndrome I (human) (Trps1), transcript variant 3, mRNA.	negative	50486304	50721587	235283	8	43077..44194:   within  intron 6 
Ext1	NM_010162	exostoses (multiple) 1 (Ext1), mRNA.	negative	52899817	53177738	277921	11	131585..132152:   within  intron 1 
Col14a1	NM_181277	collagen, type XIV, alpha 1 (Col14a1), mRNA.	positive	55139304	55352358	213054	48	26345..26983:   within  intron 2 
Deptor	NM_001037937	DEP domain containing MTOR-interacting protein (Deptor), transcript variant 2, mRNA.	positive	54943871	55090828	146957	9	22323..23022:   within  intron 1 	87773..88663:   within  intron 4 	110815..112324:   within  intron 8 	128546..129264:   within  intron 8 	8415..9439:   11.7 kbp upstream from the first exon
Deptor	NM_145470	DEP domain containing MTOR-interacting protein (Deptor), transcript variant 1, mRNA.	positive	54943871	55090828	146957	9	22323..23022:   within  intron 1 	87773..88663:   within  intron 4 	110815..112324:   within  intron 8 	128546..129264:   within  intron 8 	8415..9439:   within  intron 1 
Zhx2	NM_199449	zinc fingers and homeoboxes 2 (Zhx2), mRNA.	positive	57526221	57671387	145166	4	153168..153949:   8.0 kbp downstream from the last exon
Anxa13	NM_027211	annexin A13 (Anxa13), mRNA.	negative	58173018	58220829	47811	9	3327..4014:   starts in  intron 7, ends in   intron 8
Nsmce2	NM_026746	non-SMC element 2 homolog (MMS21, S. cerevisiae) (Nsmce2), transcript variant 1, mRNA.	positive	59205752	59433239	227487	7	137137..137921:   within  intron 4 	147521..148252:   within  intron 4 	149843..150243:   within  intron 4 	152803..153243:   within  intron 4 	175664..176635:   within  intron 4 	187048..187593:   within  intron 4 	193096..193896:   within  intron 4 	219367..220054:   within  intron 6 	229231..229596:   1.7 kbp downstream from the last exon
Nsmce2	NM_001164604	non-SMC element 2 homolog (MMS21, S. cerevisiae) (Nsmce2), transcript variant 2, mRNA.	positive	59205752	59433239	227487	5	137137..137921:   within  intron 4 	147521..148252:   within  intron 4 	149843..150243:   within  intron 4 	152803..153243:   within  intron 4 	175664..176635:   10.2 kbp downstream from the last exon	187048..187593:   21.6 kbp downstream from the last exon	193096..193896:   27.6 kbp downstream from the last exon	219367..220054:   53.9 kbp downstream from the last exon	229231..229596:   63.8 kbp downstream from the last exon
Mtss1	NM_144800	metastasis suppressor 1 (Mtss1), transcript variant 1, mRNA.	negative	58772788	58913581	140793	15	58360..58988:   within  intron 3 
Mtss1	NM_001146180	metastasis suppressor 1 (Mtss1), transcript variant 2, mRNA.	negative	58772788	58913581	140793	14	58360..58988:   within  intron 3 
Tg	NM_009375	thyroglobulin (Tg), mRNA.	positive	66502331	66682282	179951	48	9281..9839:   within  intron 8 	72682..73179:   within  intron 34 	122071..122968:   within  intron 41 	177387..177990:   within  intron 46 
St3gal1	NM_009177	ST3 beta-galactoside alpha-2,3-sialyltransferase 1 (St3gal1), mRNA.	negative	66934436	67008444	74008	9	44437..45059:   within  intron 2 	41770..42539:   within  intron 2 	40380..41284:   within  intron 2 	31564..32702:   within  intron 2 
Lrrc6	NM_019457	leucine rich repeat containing 6 (testis) (Lrrc6), mRNA.	negative	66211419	66332472	121053	12	2111..2874:   within  intron 11 
Zfat	NM_001145888	zinc finger and AT hook domain containing (Zfat), transcript variant 1, mRNA.	negative	67915299	68090418	175119	16	174340..175698:   starts before the first exon, ends in  intron 1 	120818..121467:   within  intron 3 	92894..93635:   within  intron 7 	81581..82164:   starts in  exon 10, ends in   intron 10	43817..44364:   within  intron 11 
Zfat	NM_198644	zinc finger and AT hook domain containing (Zfat), transcript variant 2, mRNA.	negative	67915299	68090418	175119	16	174340..175698:   starts before the first exon, ends in  intron 1 	120818..121467:   within  intron 3 	92894..93635:   within  intron 7 	81581..82164:   starts in  exon 10, ends in   intron 10	43817..44364:   within  intron 11 
Khdrbs3	NM_010158	KH domain containing, RNA binding, signal transduction associated 3 (Khdrbs3), mRNA.	positive	68758849	68923948	165099	9	114617..115275:   within  intron 6 
Ago2	NM_153178	argonaute RISC catalytic subunit 2 (Ago2), mRNA.	negative	72932054	73015377	83323	19	57431..58369:   within  intron 1 	52779..53713:   within  intron 1 	35107..35985:   within  intron 3 
Trappc9	NM_180662	trafficking protein particle complex 9 (Trappc9), transcript variant 2, mRNA.	negative	72420049	72891634	471585	22	451318..451908:   within  intron 4 	325471..326082:   within  intron 15 	60663..61242:   within  intron 20 
Trappc9	NM_001164643	trafficking protein particle complex 9 (Trappc9), transcript variant 5, mRNA.	negative	72420049	72891634	471585	9	451318..451908:   within  intron 4 	325471..326082:   78.1 kbp downstream from the last exon	60663..61242:   343.0 kbp downstream from the last exon
Trappc9	NM_001164642	trafficking protein particle complex 9 (Trappc9), transcript variant 4, mRNA.	negative	72420049	72891634	471585	17	451318..451908:   within  intron 4 	325471..326082:   within  intron 15 	60663..61242:   201.3 kbp downstream from the last exon
Trappc9	NM_001164641	trafficking protein particle complex 9 (Trappc9), transcript variant 3, mRNA.	negative	72420049	72891634	471585	18	451318..451908:   within  intron 5 	325471..326082:   within  intron 16 	60663..61242:   148.7 kbp downstream from the last exon
Trappc9	NM_029640	trafficking protein particle complex 9 (Trappc9), transcript variant 1, mRNA.	negative	72420049	72891634	471585	22	451318..451908:   within  intron 4 	325471..326082:   within  intron 15 	60663..61242:   within  intron 20 
Ptk2	NM_007982	PTK2 protein tyrosine kinase 2 (Ptk2), transcript variant 1, mRNA.	negative	73035534	73253621	218087	32	226297..226860:   8.2 kbp upstream from the first exon	211708..212332:   within  intron 1 	183282..183748:   within  intron 2 	178126..178609:   within  intron 2 	154760..155480:   within  intron 2 
Ptk2	NM_001130409	PTK2 protein tyrosine kinase 2 (Ptk2), transcript variant 2, mRNA.	negative	73035534	73253621	218087	30	226297..226860:   8.2 kbp upstream from the first exon	211708..212332:   within  intron 1 	183282..183748:   within  intron 2 	178126..178609:   within  intron 2 	154760..155480:   within  intron 3 
Plec	NM_201392	plectin (Plec), transcript variant 9, mRNA.	negative	76001403	76061808	60405	32	36974..37713:   8.5 kbp upstream from the first exon	33191..33714:   4.8 kbp upstream from the first exon	24945..26130:   within  intron 1 
Plec	NM_001163540	plectin (Plec), transcript variant 13, mRNA.	negative	76001403	76061808	60405	33	36974..37713:   1.6 kbp upstream from the first exon	33191..33714:   within  intron 1 	24945..26130:   within  intron 1 
Plec	NM_201391	plectin (Plec), transcript variant 8, mRNA.	negative	76001403	76061808	60405	32	36974..37713:   8.1 kbp upstream from the first exon	33191..33714:   4.3 kbp upstream from the first exon	24945..26130:   within  intron 1 
Plec	NM_201390	plectin (Plec), transcript variant 7, mRNA.	negative	76001403	76061808	60405	32	36974..37713:   7.3 kbp upstream from the first exon	33191..33714:   3.6 kbp upstream from the first exon	24945..26130:   within  intron 1 
Plec	NM_201387	plectin (Plec), transcript variant 4, mRNA.	negative	76001403	76061808	60405	32	36974..37713:   starts before the first exon, ends in  intron 1 	33191..33714:   within  intron 1 	24945..26130:   within  intron 1 
Plec	NM_201386	plectin (Plec), transcript variant 3, mRNA.	negative	76001403	76061808	60405	32	36974..37713:   within  intron 1 	33191..33714:   within  intron 1 	24945..26130:   within  intron 1 
Plec	NM_201393	plectin (Plec), transcript variant 10, mRNA.	negative	76001403	76061808	60405	32	36974..37713:   9.7 kbp upstream from the first exon	33191..33714:   6.0 kbp upstream from the first exon	24945..26130:   within  intron 1 
Plec	NM_001163542	plectin (Plec), transcript variant 15, mRNA.	negative	76001403	76061808	60405	34	36974..37713:   within  intron 1 	33191..33714:   within  intron 1 	24945..26130:   within  intron 1 
Plec	NM_201385	plectin (Plec), transcript variant 2, mRNA.	negative	76001403	76061808	60405	32	36974..37713:   within  intron 1 	33191..33714:   within  intron 1 	24945..26130:   within  intron 1 
Plec	NM_001164203	plectin (Plec), transcript variant 12, mRNA.	negative	76001403	76061808	60405	34	36974..37713:   starts before the first exon, ends in  intron 1 	33191..33714:   within  intron 1 	24945..26130:   within  intron 1 
Plec	NM_201389	plectin (Plec), transcript variant 6, mRNA.	negative	76001403	76061808	60405	32	36974..37713:   1.6 kbp upstream from the first exon	33191..33714:   within  intron 1 	24945..26130:   within  intron 1 
Plec	NM_011117	plectin (Plec), transcript variant 1, mRNA.	negative	76001403	76061808	60405	32	36974..37713:   within  intron 1 	33191..33714:   within  intron 1 	24945..26130:   within  intron 1 
Plec	NM_201388	plectin (Plec), transcript variant 5, mRNA.	negative	76001403	76061808	60405	32	36974..37713:   starts before the first exon, ends in  intron 1 	33191..33714:   within  intron 1 	24945..26130:   within  intron 1 
Plec	NM_201394	plectin (Plec), transcript variant 11, mRNA.	negative	76001403	76061808	60405	32	36974..37713:   12.2 kbp upstream from the first exon	33191..33714:   8.5 kbp upstream from the first exon	24945..26130:   208 bp upstream from the first exon
Plec	NM_001163549	plectin (Plec), transcript variant 14, mRNA.	negative	76001403	76061808	60405	33	36974..37713:   8.1 kbp upstream from the first exon	33191..33714:   4.3 kbp upstream from the first exon	24945..26130:   within  intron 1 
Scrib	NM_134089	scribbled homolog (Drosophila) (Scrib), transcript variant 1, mRNA.	negative	75877592	75900214	22622	38	22296..23257:   starts before the first exon, ends in  exon 1 
Scrib	NM_001310543	scribbled homolog (Drosophila) (Scrib), transcript variant 3, mRNA.	negative	75877592	75900214	22622	36	22296..23257:   starts before the first exon, ends in  exon 1 
Scrib	NM_001310542	scribbled homolog (Drosophila) (Scrib), transcript variant 2, mRNA.	negative	75877592	75900214	22622	37	22296..23257:   starts before the first exon, ends in  exon 1 
Rbfox2	NM_053104	RNA binding protein, fox-1 homolog (C. elegans) 2 (Rbfox2), transcript variant 1, mRNA.	negative	76909419	77137483	228064	14	207117..207719:   within  intron 1 	114578..115300:   within  intron 2 
Rbfox2	NM_001110827	RNA binding protein, fox-1 homolog (C. elegans) 2 (Rbfox2), transcript variant 3, mRNA.	negative	76909419	77137483	228064	14	207117..207719:   within  intron 1 	114578..115300:   within  intron 2 
Rbfox2	NM_175387	RNA binding protein, fox-1 homolog (C. elegans) 2 (Rbfox2), transcript variant 2, mRNA.	negative	76909419	77137483	228064	13	207117..207719:   within  intron 1 	114578..115300:   within  intron 2 
Sun2	NM_001205346	Sad1 and UNC84 domain containing 2 (Sun2), transcript variant 2, mRNA.	negative	79554497	79572966	18469	18	14859..15429:   starts in  intron 2, ends in   exon 3	10498..11968:   starts in  intron 6, ends in   intron 7
Sun2	NM_001205345	Sad1 and UNC84 domain containing 2 (Sun2), transcript variant 1, mRNA.	negative	79554497	79572966	18469	18	14859..15429:   starts in  intron 2, ends in   exon 3	10498..11968:   starts in  intron 6, ends in   intron 7
Sun2	NM_194342	Sad1 and UNC84 domain containing 2 (Sun2), transcript variant 3, mRNA.	negative	79554497	79572966	18469	17	14859..15429:   starts in  intron 2, ends in   exon 3	10498..11968:   starts in  intron 5, ends in   intron 6
Mkl1	NM_001082536	MKL (megakaryoblastic leukemia)/myocardin-like 1 (Mkl1), transcript variant 2, mRNA.	negative	80842710	81021187	178477	14	38022..38677:   within  intron 2 	29899..30616:   within  intron 3 	2851..3391:   starts in  intron 12, ends in   intron 13
Mkl1	NM_153049	MKL (megakaryoblastic leukemia)/myocardin-like 1 (Mkl1), transcript variant 1, mRNA.	negative	80842710	81021187	178477	13	38022..38677:   within  intron 1 	29899..30616:   within  intron 2 	2851..3391:   starts in  intron 11, ends in   intron 12
Pacsin2	NM_011862	protein kinase C and casein kinase substrate in neurons 2 (Pacsin2), transcript variant 1, mRNA.	negative	83206036	83295036	89000	11	98264..98952:   41.0 kbp upstream from the first exon	95844..96427:   38.6 kbp upstream from the first exon	56550..57571:   starts before the first exon, ends in  intron 1 
Pacsin2	NM_001159510	protein kinase C and casein kinase substrate in neurons 2 (Pacsin2), transcript variant 3, mRNA.	negative	83206036	83295036	89000	11	98264..98952:   41.0 kbp upstream from the first exon	95844..96427:   38.6 kbp upstream from the first exon	56550..57571:   starts before the first exon, ends in  intron 1 
Pacsin2	NM_001159509	protein kinase C and casein kinase substrate in neurons 2 (Pacsin2), transcript variant 2, mRNA.	negative	83206036	83295036	89000	11	98264..98952:   9.3 kbp upstream from the first exon	95844..96427:   6.8 kbp upstream from the first exon	56550..57571:   within  intron 1 
Fbln1	NM_010180	fibulin 1 (Fbln1), mRNA.	positive	85036437	85116724	80287	17	4634..5242:   within  intron 1 	33496..33996:   within  intron 11 	66550..67183:   within  intron 16 
Celsr1	NM_009886	cadherin, EGF LAG seven-pass G-type receptor 1 (flamingo homolog, Drosophila) (Celsr1), mRNA.	negative	85729187	85864207	135020	35	62944..63319:   within  intron 3 
Fam19a5	NM_001252310	family with sequence similarity 19, member A5 (Fam19a5), transcript variant 1, mRNA.	positive	87374728	87589794	215066	4	271..773:   starts in  exon 1, ends in   intron 1
Plxnb2	NM_001159521	plexin B2 (Plxnb2), transcript variant 1, mRNA.	negative	88985975	89011218	25243	38	13754..14354:   within  intron 3 	-7897..-7202:   7.2 kbp downstream from the last exon
Plxnb2	NM_001284506	plexin B2 (Plxnb2), transcript variant 3, mRNA.	negative	88985975	89011218	25243	37	13754..14354:   within  intron 2 	-7897..-7202:   7.2 kbp downstream from the last exon
Plxnb2	NM_138749	plexin B2 (Plxnb2), transcript variant 2, mRNA.	negative	88985975	89011218	25243	38	13754..14354:   within  intron 3 	-7897..-7202:   7.2 kbp downstream from the last exon
Mov10l1	NM_031260	Moloney leukemia virus 10-like 1 (Mov10l1), mRNA.	positive	88813423	88885582	72159	27	604..1224:   within  intron 1 	6233..6726:   within  intron 3 	80552..80999:   8.4 kbp downstream from the last exon
Ano6	NM_001253813	anoctamin 6 (Ano6), transcript variant 1, mRNA.	positive	95621273	95805903	184630	21	38756..39556:   within  intron 1 	42308..42973:   within  intron 2 	64849..65417:   within  intron 2 	89760..90418:   within  intron 3 	123961..124526:   within  intron 7 
Ano6	NM_175344	anoctamin 6 (Ano6), transcript variant 2, mRNA.	positive	95621273	95805903	184630	20	38756..39556:   within  intron 1 	42308..42973:   within  intron 1 	64849..65417:   within  intron 1 	89760..90418:   within  intron 2 	123961..124526:   within  intron 6 
Pced1b	NM_172293	PC-esterase domain containing 1B (Pced1b), mRNA.	positive	97077537	97216122	138585	6	12091..12898:   within  intron 1 	15170..16117:   within  intron 1 	29304..29904:   within  intron 1 	34679..35300:   within  intron 3 	68170..68708:   within  intron 3 	90997..91633:   within  intron 3 
Hdac7	NM_001204276	histone deacetylase 7 (Hdac7), transcript variant 2, mRNA.	negative	97623094	97674933	51839	26	46645..48042:   7.5 kbp upstream from the first exon	44550..45389:   5.4 kbp upstream from the first exon
Hdac7	NM_019572	histone deacetylase 7 (Hdac7), transcript variant 4, mRNA.	negative	97623094	97674933	51839	24	46645..48042:   7.5 kbp upstream from the first exon	44550..45389:   5.4 kbp upstream from the first exon
Hdac7	NM_001204279	histone deacetylase 7 (Hdac7), transcript variant 6, mRNA.	negative	97623094	97674933	51839	24	46645..48042:   within  intron 1 	44550..45389:   within  intron 1 
Hdac7	NM_001204280	histone deacetylase 7 (Hdac7), transcript variant 7, mRNA.	negative	97623094	97674933	51839	22	46645..48042:   within  intron 1 	44550..45389:   within  intron 1 
Hdac7	NM_001204278	histone deacetylase 7 (Hdac7), transcript variant 5, mRNA.	negative	97623094	97674933	51839	24	46645..48042:   within  intron 1 	44550..45389:   within  intron 1 
Hdac7	NM_001204277	histone deacetylase 7 (Hdac7), transcript variant 3, mRNA.	negative	97623094	97674933	51839	25	46645..48042:   7.5 kbp upstream from the first exon	44550..45389:   5.4 kbp upstream from the first exon
Hdac7	NM_001204275	histone deacetylase 7 (Hdac7), transcript variant 1, mRNA.	negative	97623094	97674933	51839	25	46645..48042:   within  intron 1 	44550..45389:   within  intron 1 
Adcy6	NM_007405	adenylate cyclase 6 (Adcy6), mRNA.	negative	98420420	98438064	17644	22	12839..13739:   within  intron 2 	12162..12590:   within  intron 2 	-4798..-4110:   4.1 kbp downstream from the last exon
Faim2	NM_028224	Fas apoptotic inhibitory molecule 2 (Faim2), transcript variant 1, mRNA.	negative	99327435	99358596	31161	12	37729..38163:   6.6 kbp upstream from the first exon	12627..13223:   within  intron 11 
Faim2	NM_001038658	Fas apoptotic inhibitory molecule 2 (Faim2), transcript variant 2, mRNA.	negative	99327435	99358596	31161	12	37729..38163:   6.6 kbp upstream from the first exon	12627..13223:   within  intron 11 
Dip2b	NM_001159361	DIP2 disco-interacting protein 2 homolog B (Drosophila) (Dip2b), transcript variant 1, mRNA.	positive	99869094	100049904	180810	38	37786..38828:   within  intron 1 	62488..63157:   within  intron 1 	73008..74122:   within  intron 1 	87678..88525:   within  intron 2 	93256..93773:   starts in  exon 3, ends in   intron 3
Grasp	NM_019518	GRP1 (general receptor for phosphoinositides 1)-associated scaffold protein (Grasp), mRNA.	positive	101054637	101063187	8550	8	8874..9973:   324 bp downstream from the last exon
Atf7	NM_001310070	activating transcription factor 7 (Atf7), transcript variant 3, mRNA.	negative	102356376	102455895	99519	12	96972..97613:   within  intron 1 	20624..21287:   starts in  exon 8, ends in   intron 8
Atf7	NM_001310067	activating transcription factor 7 (Atf7), transcript variant 2, mRNA.	negative	102356376	102455895	99519	12	96972..97613:   within  intron 1 	20624..21287:   starts in  exon 8, ends in   intron 8
Atf7	NM_001310066	activating transcription factor 7 (Atf7), transcript variant 1, mRNA.	negative	102356376	102455895	99519	12	96972..97613:   within  intron 1 	20624..21287:   starts in  exon 8, ends in   intron 8
Cbx5	NM_001076789	chromobox 5 (Cbx5), transcript variant 2, mRNA.	negative	103021976	103070247	48271	5	37950..38891:   within  intron 1 
Fbxo4	NM_134099	F-box protein 4 (Fbxo4), mRNA.	negative	3913563	3929573	16010	7	19930..20537:   3.9 kbp upstream from the first exon
Rpl37	NM_026069	ribosomal protein L37 (Rpl37), mRNA.	positive	5066612	5069140	2528	4	-625..262:   starts before the first exon, ends in  intron 1 	11891..12537:   9.4 kbp downstream from the last exon
Card6	NM_001163138	caspase recruitment domain family, member 6 (Card6), mRNA.	negative	5047438	5058533	11095	4	18549..19436:   7.5 kbp upstream from the first exon
Ptger4	NM_008965	prostaglandin E receptor 4 (subtype EP4) (Ptger4), transcript variant 2, mRNA.	negative	5183398	5194187	10789	3	17984..18563:   7.2 kbp upstream from the first exon
Ptger4	NM_001136079	prostaglandin E receptor 4 (subtype EP4) (Ptger4), transcript variant 1, mRNA.	negative	5183398	5194187	10789	3	17984..18563:   7.2 kbp upstream from the first exon
Lifr	NM_013584	leukemia inhibitory factor receptor (Lifr), transcript variant 1, mRNA.	positive	7079571	7147489	67918	20	22863..23359:   within  intron 1 	59160..59693:   within  intron 18 	-1168..151:   10.8 kbp upstream from the first exon
Lifr	NM_001113386	leukemia inhibitory factor receptor (Lifr), transcript variant 2, mRNA.	positive	7079571	7147489	67918	17	22863..23359:   within  intron 2 	59160..59693:   3.4 kbp downstream from the last exon	-1168..151:   starts before the first exon, ends in  exon 1 
Ank	NM_020332	progressive ankylosis (Ank), mRNA.	positive	27396431	27524662	128231	12	2767..3392:   within  intron 1 	24695..25886:   within  intron 1 	28721..29327:   within  intron 1 	29395..30038:   within  intron 1 	50146..50621:   within  intron 1 	73860..74580:   within  intron 1 	84616..85201:   within  intron 2 	103040..103751:   within  intron 7 	109040..109787:   within  intron 8 	129560..130274:   1.3 kbp downstream from the last exon
Otulin	NM_001013792	OTU deubiquitinase with linear linkage specificity (Otulin), mRNA.	negative	27535675	27560448	24773	7	6119..7375:   within  intron 4 	-9684..-8970:   9.0 kbp downstream from the last exon
Ankrd33b	NM_027496	ankyrin repeat domain 33B (Ankrd33b), transcript variant 2, mRNA.	negative	31221234	31297514	76280	4	50957..51560:   within  intron 1 	30452..30949:   within  intron 2 	-9506..-8804:   8.8 kbp downstream from the last exon
Ankrd33b	NM_001164441	ankyrin repeat domain 33B (Ankrd33b), transcript variant 3, mRNA.	negative	31221234	31297514	76280	4	50957..51560:   within  intron 1 	30452..30949:   within  intron 2 	-9506..-8804:   8.8 kbp downstream from the last exon
Ankrd33b	NM_026153	ankyrin repeat domain 33B (Ankrd33b), transcript variant 1, mRNA.	negative	31221234	31297514	76280	2	50957..51560:   within  intron 1 	30452..30949:   1.5 kbp downstream from the last exon	-9506..-8804:   41.3 kbp downstream from the last exon
Mtdh	NM_026002	metadherin (Mtdh), mRNA.	positive	34012473	34072140	59667	12	52185..52841:   within  intron 9 
Pop1	NM_152894	processing of precursor 1, ribonuclease P/MRP family, (S. cerevisiae) (Pop1), transcript variant 1, mRNA.	positive	34425065	34460408	35343	17	44137..44823:   8.8 kbp downstream from the last exon
Pop1	NM_026340	processing of precursor 1, ribonuclease P/MRP family, (S. cerevisiae) (Pop1), transcript variant 2, mRNA.	positive	34425065	34460408	35343	16	44137..44823:   8.8 kbp downstream from the last exon
Cox6c	NM_053071	cytochrome c oxidase subunit VIc (Cox6c), mRNA.	negative	35861730	35868001	6271	4	5876..6642:   starts before the first exon, ends in  intron 1 
Ankrd46	NM_175134	ankyrin repeat domain 46 (Ankrd46), mRNA.	negative	36407422	36426546	19124	5	12124..12764:   within  intron 2 
Zfp706	NM_026521	zinc finger protein 706 (Zfp706), mRNA.	negative	36926781	36937157	10376	4	-3659..-2915:   2.9 kbp downstream from the last exon
Ubr5	NM_001081359	ubiquitin protein ligase E3 component n-recognin 5 (Ubr5), transcript variant 1, mRNA.	negative	37897082	38008609	111527	59	79788..80487:   starts in  intron 2, ends in   intron 3	75864..76597:   within  intron 5 
Ubr5	NM_001112721	ubiquitin protein ligase E3 component n-recognin 5 (Ubr5), transcript variant 2, mRNA.	negative	37897082	38008609	111527	59	79788..80487:   starts in  intron 2, ends in   intron 3	75864..76597:   within  intron 5 
Baalc	NM_080640	brain and acute leukemia, cytoplasmic (Baalc), mRNA.	positive	38765454	38784462	19008	2	3258..4224:   within  intron 1 	4457..5245:   within  intron 1 	23488..24058:   4.5 kbp downstream from the last exon
Fzd6	NM_001162494	frizzled homolog 6 (Drosophila) (Fzd6), transcript variant 2, mRNA.	positive	38837825	38869736	31911	7	3591..4288:   within  intron 2 	19356..20286:   starts in  intron 2, ends in   intron 3
Fzd6	NM_008056	frizzled homolog 6 (Drosophila) (Fzd6), transcript variant 1, mRNA.	positive	38837825	38869736	31911	7	3591..4288:   within  intron 2 	19356..20286:   starts in  intron 2, ends in   intron 3
Dcaf13	NM_198606	DDB1 and CUL4 associated factor 13 (Dcaf13), mRNA.	positive	38944419	38978401	33982	11	-5933..-5574:   5.6 kbp upstream from the first exon	12166..12855:   within  intron 5 
Tbc1d31	NM_001167679	TBC1 domain family, member 31 (Tbc1d31), transcript variant 2, mRNA.	positive	57743753	57801623	57870	18	33534..34170:   within  intron 10 
Tbc1d31	NM_001081396	TBC1 domain family, member 31 (Tbc1d31), transcript variant 1, mRNA.	positive	57743753	57801623	57870	21	33534..34170:   within  intron 10 
Fam83a	NM_173862	family with sequence similarity 83, member A (Fam83a), mRNA.	positive	57817457	57842257	24800	4	19034..19576:   within  intron 3 
Zhx1	NM_009572	zinc fingers and homeoboxes 1 (Zhx1), transcript variant 1, mRNA.	negative	57878557	57908063	29506	4	6405..7088:   within  exon 3 
Zhx1	NM_001042438	zinc fingers and homeoboxes 1 (Zhx1), transcript variant 2, mRNA.	negative	57878557	57908063	29506	5	6405..7088:   within  exon 4 
Sla	NM_009192	src-like adaptor (Sla), transcript variant 2, mRNA.	negative	66612380	66663391	51011	9	12022..12919:   starts in  exon 4, ends in   intron 4
Sla	NM_001029841	src-like adaptor (Sla), transcript variant 1, mRNA.	negative	66612380	66663391	51011	8	12022..12919:   starts in  exon 3, ends in   intron 3
Ndrg1	NM_008681	N-myc downstream regulated gene 1 (Ndrg1), mRNA.	negative	66760879	66801203	40324	16	4815..5277:   within  intron 14 	133..831:   within  exon 16 
Slc45a4	NM_001033219	solute carrier family 45, member 4 (Slc45a4), transcript variant 1, mRNA.	negative	73410720	73455174	44454	8	21780..22141:   within  intron 2 
Slc45a4	NM_001168255	solute carrier family 45, member 4 (Slc45a4), transcript variant 2, mRNA.	negative	73410720	73455174	44454	7	21780..22141:   5.5 kbp upstream from the first exon
Cyp11b1	NM_001033229	cytochrome P450, family 11, subfamily b, polypeptide 1 (Cyp11b1), mRNA.	negative	74665321	74672073	6752	9	-71..305:   starts in  exon 9, ends after the last exon 
Ly6i	NM_020498	lymphocyte antigen 6 complex, locus I (Ly6i), mRNA.	negative	74810241	74813860	3619	3	-7331..-6518:   6.5 kbp downstream from the last exon
Zfp41	NM_011759	zinc finger protein 41 (Zfp41), transcript variant 1, mRNA.	positive	75447113	75455730	8617	3	6946..7516:   within  exon 3 	17812..18583:   9.2 kbp downstream from the last exon
Zfp41	NM_001044718	zinc finger protein 41 (Zfp41), transcript variant 2, mRNA.	positive	75447113	75455730	8617	3	6946..7516:   within  exon 3 	17812..18583:   9.2 kbp downstream from the last exon
Eef1d	NM_001285429	eukaryotic translation elongation factor 1 delta (guanine nucleotide exchange protein) (Eef1d), transcript variant 3, mRNA.	negative	75725225	75739986	14761	8	16049..16797:   1.3 kbp upstream from the first exon
Eef1d	NM_029663	eukaryotic translation elongation factor 1 delta (guanine nucleotide exchange protein) (Eef1d), transcript variant 1, mRNA.	negative	75725225	75739986	14761	10	16049..16797:   1.5 kbp upstream from the first exon
Eef1d	NM_001285434	eukaryotic translation elongation factor 1 delta (guanine nucleotide exchange protein) (Eef1d), transcript variant 8, mRNA.	negative	75725225	75739986	14761	8	16049..16797:   1.5 kbp upstream from the first exon
Eef1d	NM_001285433	eukaryotic translation elongation factor 1 delta (guanine nucleotide exchange protein) (Eef1d), transcript variant 7, mRNA.	negative	75725225	75739986	14761	7	16049..16797:   1.5 kbp upstream from the first exon
Eef1d	NM_001285432	eukaryotic translation elongation factor 1 delta (guanine nucleotide exchange protein) (Eef1d), transcript variant 6, mRNA.	negative	75725225	75739986	14761	7	16049..16797:   1.5 kbp upstream from the first exon
Eef1d	NM_001285431	eukaryotic translation elongation factor 1 delta (guanine nucleotide exchange protein) (Eef1d), transcript variant 5, mRNA.	negative	75725225	75739986	14761	7	16049..16797:   1.3 kbp upstream from the first exon
Eef1d	NM_001285430	eukaryotic translation elongation factor 1 delta (guanine nucleotide exchange protein) (Eef1d), transcript variant 4, mRNA.	negative	75725225	75739986	14761	8	16049..16797:   1.5 kbp upstream from the first exon
Eef1d	NM_023240	eukaryotic translation elongation factor 1 delta (guanine nucleotide exchange protein) (Eef1d), transcript variant 2, mRNA.	negative	75725225	75739986	14761	8	16049..16797:   1.5 kbp upstream from the first exon
Tigd5	NM_178646	tigger transposable element derived 5 (Tigd5), mRNA.	positive	75740164	75744965	4801	1	1110..1858:   within  exon 1 
Pycrl	NM_025412	pyrroline-5-carboxylate reductase-like (Pycrl), mRNA.	negative	75746892	75751990	5098	6	-5618..-4870:   4.9 kbp downstream from the last exon
Ccdc166	NM_001163518	coiled-coil domain containing 166 (Ccdc166), transcript variant 2, mRNA.	negative	75810301	75812715	2414	1	1719..2572:   starts before the first exon, ends in  exon 1 
Ccdc166	NM_146059	coiled-coil domain containing 166 (Ccdc166), transcript variant 1, mRNA.	negative	75810301	75812715	2414	2	1719..2572:   starts before the first exon, ends in  exon 2 
Puf60	NM_028364	poly-U binding splicing factor 60 (Puf60), transcript variant 1, mRNA.	negative	75900611	75911376	10765	12	-723..238:   starts in  exon 12, ends after the last exon 
Puf60	NM_001164600	poly-U binding splicing factor 60 (Puf60), transcript variant 3, mRNA.	negative	75900611	75911376	10765	11	-723..238:   starts in  exon 11, ends after the last exon 
Puf60	NM_133691	poly-U binding splicing factor 60 (Puf60), transcript variant 2, mRNA.	negative	75900611	75911376	10765	11	-723..238:   starts in  exon 11, ends after the last exon 
BC024139	NM_001142968	cDNA sequence BC024139 (BC024139), mRNA.	negative	75949947	75956986	7039	16	4435..5149:   starts in  exon 7, ends in   intron 9	-5154..-4430:   4.4 kbp downstream from the last exon
Fbxl6	NM_013909	F-box and leucine-rich repeat protein 6 (Fbxl6), mRNA.	negative	76366157	76369176	3019	9	9821..10393:   6.8 kbp upstream from the first exon	8492..9239:   5.5 kbp upstream from the first exon
Vps28	NM_001305668	vacuolar protein sorting 28 (yeast) (Vps28), transcript variant 2, mRNA.	negative	76452515	76456514	3999	10	4679..5781:   680 bp upstream from the first exon	-5784..-5083:   5.1 kbp downstream from the last exon
Vps28	NM_025842	vacuolar protein sorting 28 (yeast) (Vps28), transcript variant 1, mRNA.	negative	76452515	76456514	3999	10	4679..5781:   680 bp upstream from the first exon	-5784..-5083:   5.1 kbp downstream from the last exon
Recql4	NM_058214	RecQ protein-like 4 (Recql4), mRNA.	negative	76533982	76540989	7007	22	-3328..-2655:   2.7 kbp downstream from the last exon
Cpsf1	NM_001164173	cleavage and polyadenylation specific factor 1 (Cpsf1), transcript variant 1, mRNA.	negative	76426237	76438021	11784	37	20494..21195:   8.7 kbp upstream from the first exon
Tonsl	NM_183091	tonsoku-like, DNA repair protein (Tonsl), mRNA.	negative	76456666	76470359	13693	26	528..1630:   within  intron 25 	-9935..-9234:   9.2 kbp downstream from the last exon
Gpt	NM_182805	glutamic pyruvic transaminase, soluble (Gpt), mRNA.	positive	76527155	76530105	2950	11	3499..4172:   549 bp downstream from the last exon
Zfp7	NM_145916	zinc finger protein 7 (Zfp7), mRNA.	positive	76709705	76722824	13119	5	-7485..-6576:   6.6 kbp upstream from the first exon	2063..2311:   within  intron 3 
Zfp647	NM_172817	zinc finger protein 647 (Zfp647), transcript variant 2, mRNA.	negative	76740799	76755878	15079	5	14900..15702:   starts before the first exon, ends in  intron 1 	-6663..-5847:   5.8 kbp downstream from the last exon
Zfp647	NM_001168276	zinc finger protein 647 (Zfp647), transcript variant 1, mRNA.	negative	76740799	76755878	15079	6	14900..15702:   starts before the first exon, ends in  intron 1 	-6663..-5847:   5.8 kbp downstream from the last exon
Rpl8	NM_012053	ribosomal protein L8 (Rpl8), mRNA.	positive	76734500	76736748	2248	6	-364..452:   starts before the first exon, ends in  intron 2 
Mb	NM_013593	myoglobin (Mb), transcript variant 2, mRNA.	negative	76845916	76881098	35182	4	-6700..-6141:   6.1 kbp downstream from the last exon
Mb	NM_001164048	myoglobin (Mb), transcript variant 3, mRNA.	negative	76845916	76881098	35182	4	-6700..-6141:   6.1 kbp downstream from the last exon
Mb	NM_001164047	myoglobin (Mb), transcript variant 1, mRNA.	negative	76845916	76881098	35182	3	-6700..-6141:   6.1 kbp downstream from the last exon
Foxred2	NM_001017983	FAD-dependent oxidoreductase domain containing 2 (Foxred2), transcript variant 2, mRNA.	negative	77770951	77787152	16201	9	7222..7604:   within  intron 6 	5061..5615:   starts in  intron 7, ends in   exon 8	-2016..-1332:   1.3 kbp downstream from the last exon	-6855..-5958:   6.0 kbp downstream from the last exon
Foxred2	NM_001168260	FAD-dependent oxidoreductase domain containing 2 (Foxred2), transcript variant 1, mRNA.	negative	77770951	77787152	16201	9	7222..7604:   within  intron 6 	5061..5615:   starts in  intron 7, ends in   exon 8	-2016..-1332:   1.3 kbp downstream from the last exon	-6855..-5958:   6.0 kbp downstream from the last exon
Tex33	NM_001163613	testis expressed 33 (Tex33), transcript variant 3, mRNA.	negative	78208829	78226342	17513	5	3862..4335:   within  intron 3 
Tex33	NM_001163612	testis expressed 33 (Tex33), transcript variant 1, mRNA.	negative	78208829	78226342	17513	6	3862..4335:   within  intron 4 
Tex33	NM_028522	testis expressed 33 (Tex33), transcript variant 2, mRNA.	negative	78208829	78226342	17513	7	3862..4335:   within  intron 5 
Csf2rb	NM_007780	colony stimulating factor 2 receptor, beta, low-affinity (granulocyte-macrophage) (Csf2rb), mRNA.	positive	78156419	78181431	25012	14	25534..26194:   522 bp downstream from the last exon
C1qtnf6	NM_028331	C1q and tumor necrosis factor related protein 6 (C1qtnf6), transcript variant 1, mRNA.	negative	78353775	78360081	6306	3	7040..7795:   734 bp upstream from the first exon
C1qtnf6	NM_001204153	C1q and tumor necrosis factor related protein 6 (C1qtnf6), transcript variant 3, mRNA.	negative	78353775	78360081	6306	3	7040..7795:   734 bp upstream from the first exon
C1qtnf6	NM_001204152	C1q and tumor necrosis factor related protein 6 (C1qtnf6), transcript variant 2, mRNA.	negative	78353775	78360081	6306	4	7040..7795:   734 bp upstream from the first exon
Sstr3	NM_009218	somatostatin receptor 3 (Sstr3), mRNA.	negative	78367444	78374775	7331	3	-6629..-5874:   5.9 kbp downstream from the last exon
Cyth4	NM_028195	cytohesin 4 (Cyth4), mRNA.	positive	78427476	78452449	24973	13	-9786..-9071:   9.1 kbp upstream from the first exon	13911..14516:   starts in  intron 7, ends in   exon 8
Card10	NM_130859	caspase recruitment domain family, member 10 (Card10), mRNA.	negative	78605565	78633472	27907	21	34297..34876:   6.4 kbp upstream from the first exon
Gga1	NM_145929	golgi associated, gamma adaptin ear containing, ARF binding protein 1 (Gga1), mRNA.	positive	78707619	78725015	17396	17	-1233..-555:   555 bp upstream from the first exon
Triobp	NM_001039156	TRIO and F-actin binding protein (Triobp), transcript variant 3, mRNA.	positive	78778153	78836299	58146	25	34665..36454:   within  intron 12 
Triobp	NM_001024716	TRIO and F-actin binding protein (Triobp), transcript variant 1, mRNA.	positive	78778153	78836299	58146	14	34665..36454:   starts before the first exon, ends in  intron 1 
Triobp	NM_138579	TRIO and F-actin binding protein (Triobp), transcript variant 5, mRNA.	positive	78778153	78836299	58146	24	34665..36454:   within  intron 11 
Sox10	NM_011437	SRY (sex determining region Y)-box 10 (Sox10), mRNA.	negative	78985342	78994920	9578	4	-9419..-8949:   8.9 kbp downstream from the last exon
Micall1	NM_177461	microtubule associated monooxygenase, calponin and LIM domain containing -like 1 (Micall1), mRNA.	positive	78939412	78967331	27919	16	36511..36981:   8.6 kbp downstream from the last exon
1700088E04Rik	NM_138581	RIKEN cDNA 1700088E04 gene (1700088E04Rik), transcript variant 1, mRNA.	negative	78965084	78971681	6597	7	10839..11309:   4.2 kbp upstream from the first exon
1700088E04Rik	NM_001310581	RIKEN cDNA 1700088E04 gene (1700088E04Rik), transcript variant 4, mRNA.	negative	78965084	78971681	6597	6	10839..11309:   4.2 kbp upstream from the first exon
1700088E04Rik	NM_001310579	RIKEN cDNA 1700088E04 gene (1700088E04Rik), transcript variant 3, mRNA.	negative	78965084	78971681	6597	6	10839..11309:   4.2 kbp upstream from the first exon
1700088E04Rik	NM_001310576	RIKEN cDNA 1700088E04 gene (1700088E04Rik), transcript variant 2, mRNA.	negative	78965084	78971681	6597	6	10839..11309:   4.2 kbp upstream from the first exon
Pla2g6	NM_001199023	phospholipase A2, group VI (Pla2g6), transcript variant 2, mRNA.	negative	79116657	79158801	42144	17	36000..36474:   within  intron 1 
Pla2g6	NM_001199024	phospholipase A2, group VI (Pla2g6), transcript variant 3, mRNA.	negative	79116657	79158801	42144	16	36000..36474:   within  intron 1 
Pla2g6	NM_001199025	phospholipase A2, group VI (Pla2g6), transcript variant 4, mRNA.	negative	79116657	79158801	42144	17	36000..36474:   within  intron 2 
Pla2g6	NM_016915	phospholipase A2, group VI (Pla2g6), transcript variant 1, mRNA.	negative	79116657	79158801	42144	16	36000..36474:   within  intron 1 
Tmem184b	NM_001253820	transmembrane protein 184b (Tmem184b), transcript variant 4, mRNA.	negative	79191113	79233733	42620	7	7308..8464:   within  intron 3 	4706..5340:   starts in  intron 4, ends in   exon 6	2408..3000:   within  intron 6 
Tmem184b	NM_001253819	transmembrane protein 184b (Tmem184b), transcript variant 3, mRNA.	negative	79191113	79233733	42620	10	7308..8464:   within  intron 5 	4706..5340:   starts in  intron 6, ends in   exon 8	2408..3000:   starts in  intron 8, ends in   intron 9
Tmem184b	NM_001253817	transmembrane protein 184b (Tmem184b), transcript variant 2, mRNA.	negative	79191113	79233733	42620	9	7308..8464:   within  intron 5 	4706..5340:   starts in  intron 6, ends in   exon 8	2408..3000:   within  intron 8 
Tmem184b	NM_172608	transmembrane protein 184b (Tmem184b), transcript variant 1, mRNA.	negative	79191113	79233733	42620	9	7308..8464:   within  intron 5 	4706..5340:   starts in  intron 6, ends in   exon 8	2408..3000:   within  intron 8 
Maff	NM_010755	v-maf musculoaponeurotic fibrosarcoma oncogene family, protein F (avian) (Maff), transcript variant 1, mRNA.	positive	79177050	79189506	12456	3	684..1873:   starts before the first exon, ends in  intron 1 	16471..17063:   4.0 kbp downstream from the last exon	18769..19403:   6.3 kbp downstream from the last exon	21371..22527:   8.9 kbp downstream from the last exon
Maff	NM_001304832	v-maf musculoaponeurotic fibrosarcoma oncogene family, protein F (avian) (Maff), transcript variant 4, mRNA.	positive	79177050	79189506	12456	3	684..1873:   starts before the first exon, ends in  exon 1 	16471..17063:   4.0 kbp downstream from the last exon	18769..19403:   6.3 kbp downstream from the last exon	21371..22527:   8.9 kbp downstream from the last exon
Maff	NM_001304831	v-maf musculoaponeurotic fibrosarcoma oncogene family, protein F (avian) (Maff), transcript variant 3, mRNA.	positive	79177050	79189506	12456	3	684..1873:   starts before the first exon, ends in  intron 1 	16471..17063:   4.0 kbp downstream from the last exon	18769..19403:   6.3 kbp downstream from the last exon	21371..22527:   8.9 kbp downstream from the last exon
Maff	NM_001304830	v-maf musculoaponeurotic fibrosarcoma oncogene family, protein F (avian) (Maff), transcript variant 2, mRNA.	positive	79177050	79189506	12456	3	684..1873:   within  intron 1 	16471..17063:   4.0 kbp downstream from the last exon	18769..19403:   6.3 kbp downstream from the last exon	21371..22527:   8.9 kbp downstream from the last exon
Npcd	NM_001013362	neuronal pentraxin chromo domain (Npcd), transcript variant 2, mRNA.	negative	79616780	79664763	47983	9	42406..43076:   starts in  intron 4, ends in   exon 5	37304..37901:   within  intron 5 
Npcd	NM_001013360	neuronal pentraxin chromo domain (Npcd), transcript variant 1, mRNA.	negative	79616780	79664763	47983	8	42406..43076:   within  intron 4 	37304..37901:   within  intron 4 
Cbx6	NM_028763	chromobox 6 (Cbx6), mRNA.	negative	79654327	79664763	10436	5	4859..5529:   starts in  intron 4, ends in   exon 5	-243..354:   starts in  exon 5, ends after the last exon 
Apobec3	NM_030255	apolipoprotein B mRNA editing enzyme, catalytic polypeptide 3 (Apobec3), transcript variant 2, mRNA.	positive	79722837	79738859	16022	8	9438..10061:   within  intron 4 
Apobec3	NM_001160415	apolipoprotein B mRNA editing enzyme, catalytic polypeptide 3 (Apobec3), transcript variant 1, mRNA.	positive	79722837	79738859	16022	9	9438..10061:   within  intron 5 
Rpl3	NM_013762	ribosomal protein L3 (Rpl3), mRNA.	negative	79908210	79913836	5626	10	-3514..-3079:   3.1 kbp downstream from the last exon
Sgsm3	NM_134091	small G protein signaling modulator 3 (Sgsm3), mRNA.	positive	80808194	80842720	34526	22	15080..15673:   within  intron 1 	37367..37907:   2.8 kbp downstream from the last exon
Mchr1	NM_145132	melanin-concentrating hormone receptor 1 (Mchr1), mRNA.	positive	81065928	81069394	3466	2	12049..12992:   8.6 kbp downstream from the last exon
Tef	NM_017376	thyrotroph embryonic factor (Tef), transcript variant 1, mRNA.	positive	81633102	81657293	24191	4	31503..32083:   7.3 kbp downstream from the last exon
Tef	NM_153484	thyrotroph embryonic factor (Tef), transcript variant 2, mRNA.	positive	81633102	81657293	24191	4	31503..32083:   7.3 kbp downstream from the last exon
Tob2	NM_020507	transducer of ERBB2, 2 (Tob2), mRNA.	negative	81678699	81688756	10057	2	-125..385:   starts in  exon 2, ends after the last exon 	-1573..-1094:   1.1 kbp downstream from the last exon
Csdc2	NM_145473	cold shock domain containing C2, RNA binding (Csdc2), mRNA.	positive	81767188	81781371	14183	4	17200..17888:   3.0 kbp downstream from the last exon
Cyp2d22	NM_019823	cytochrome P450, family 2, subfamily d, polypeptide 22 (Cyp2d22), transcript variant 2, mRNA.	negative	82200956	82210690	9734	10	7819..8553:   within  intron 1 
Cyp2d22	NM_001163472	cytochrome P450, family 2, subfamily d, polypeptide 22 (Cyp2d22), transcript variant 1, mRNA.	negative	82200956	82210690	9734	10	7819..8553:   within  intron 1 
Serhl	NM_023475	serine hydrolase-like (Serhl), mRNA.	positive	82930634	82947101	16467	12	-7882..-7091:   7.1 kbp upstream from the first exon
A4galt	NM_001170954	alpha 1,4-galactosyltransferase (A4galt), transcript variant 1, mRNA.	negative	83057151	83082204	25053	3	-413..230:   starts in  exon 3, ends after the last exon 
A4galt	NM_001004150	alpha 1,4-galactosyltransferase (A4galt), transcript variant 2, mRNA.	negative	83057151	83082204	25053	3	-413..230:   starts in  exon 3, ends after the last exon 
Ttll1	NM_178869	tubulin tyrosine ligase-like 1 (Ttll1), mRNA.	negative	83314198	83341337	27139	12	-5688..-5045:   5.0 kbp downstream from the last exon	-9898..-9210:   9.2 kbp downstream from the last exon
Parvg	NM_022321	parvin, gamma (Parvg), transcript variant 2, mRNA.	positive	84155149	84173408	18259	13	9299..9757:   starts in  intron 8, ends in   intron 9
Parvg	NM_001162500	parvin, gamma (Parvg), transcript variant 1, mRNA.	positive	84155149	84173408	18259	13	9299..9757:   starts in  intron 8, ends in   intron 9
Arhgap8	NM_028455	Rho GTPase activating protein 8 (Arhgap8), transcript variant 3, mRNA.	positive	84550481	84602637	52156	12	4024..4476:   within  intron 1 	5513..6350:   within  intron 1 
Arhgap8	NM_001164628	Rho GTPase activating protein 8 (Arhgap8), transcript variant 2, mRNA.	positive	84550481	84602637	52156	12	4024..4476:   within  intron 1 	5513..6350:   within  intron 1 
Arhgap8	NM_001205334	Rho GTPase activating protein 8 (Arhgap8), transcript variant 4, mRNA.	positive	84550481	84602637	52156	13	4024..4476:   within  intron 1 	5513..6350:   within  intron 1 
Arhgap8	NM_001164627	Rho GTPase activating protein 8 (Arhgap8), transcript variant 1, mRNA.	positive	84550481	84602637	52156	13	4024..4476:   within  intron 1 	5513..6350:   within  intron 1 
Fam118a	NM_133750	family with sequence similarity 118, member A (Fam118a), mRNA.	positive	84867491	84893260	25769	9	27779..28597:   2.0 kbp downstream from the last exon
Wnt7b	NM_009528	wingless-type MMTV integration site family, member 7B (Wnt7b), transcript variant 1, mRNA.	negative	85365866	85412251	46385	4	25490..26080:   within  intron 1 
Wnt7b	NM_001163634	wingless-type MMTV integration site family, member 7B (Wnt7b), transcript variant 2, mRNA.	negative	85365866	85412251	46385	4	25490..26080:   within  intron 1 
Wnt7b	NM_001163633	wingless-type MMTV integration site family, member 7B (Wnt7b), transcript variant 3, mRNA.	negative	85365866	85412251	46385	4	25490..26080:   within  intron 1 
Pkdrej	NM_011105	polycystic kidney disease (polycystin) and REJ (sperm receptor for egg jelly homolog, sea urchin) (Pkdrej), mRNA.	negative	85645105	85652163	7058	1	6881..7736:   starts before the first exon, ends in  exon 1 
Cdpf1	NM_197998	cysteine rich, DPF motif domain containing 1 (Cdpf1), transcript variant 2, mRNA.	negative	85637401	85642127	4726	5	14585..15440:   9.9 kbp upstream from the first exon
Cdpf1	NM_001164626	cysteine rich, DPF motif domain containing 1 (Cdpf1), transcript variant 3, mRNA.	negative	85637401	85642127	4726	4	14585..15440:   9.9 kbp upstream from the first exon
Cdpf1	NM_001164625	cysteine rich, DPF motif domain containing 1 (Cdpf1), transcript variant 1, mRNA.	negative	85637401	85642127	4726	5	14585..15440:   9.9 kbp upstream from the first exon
Ttc38	NM_001033337	tetratricopeptide repeat domain 38 (Ttc38), mRNA.	positive	85662733	85689252	26519	14	-10747..-9892:   9.9 kbp upstream from the first exon
Brd1	NM_001033274	bromodomain containing 1 (Brd1), mRNA.	negative	88517464	88564649	47185	13	11183..11441:   within  intron 8 
Panx2	NM_001002005	pannexin 2 (Panx2), mRNA.	positive	88890155	88901337	11182	3	3820..4267:   within  intron 1 	8008..8472:   within  exon 2 
Tubgcp6	NM_001163319	tubulin, gamma complex associated protein 6 (Tubgcp6), mRNA.	negative	88929527	88953580	24053	25	7866..8460:   starts in  exon 10, ends in   intron 10
Mapk11	NM_011161	mitogen-activated protein kinase 11 (Mapk11), mRNA.	negative	88972913	88980036	7123	12	5165..5860:   within  intron 1 
Selo	NM_027905	selenoprotein O (Selo), mRNA.	positive	88919536	88930770	11234	9	17857..18451:   6.6 kbp downstream from the last exon
Trabd	NM_026485	TraB domain containing (Trabd), mRNA.	positive	88906493	88917505	11012	10	-8330..-7866:   7.9 kbp upstream from the first exon
Mapk12	NM_013871	mitogen-activated protein kinase 12 (Mapk12), mRNA.	negative	88961013	88971133	10120	12	17065..17760:   6.9 kbp upstream from the first exon
Arsa	NM_009713	arylsulfatase A (Arsa), mRNA.	negative	89302906	89307855	4949	9	3453..4257:   starts in  intron 1, ends in   exon 2
Yaf2	NM_024189	YY1 associated factor 2 (Yaf2), transcript variant 1, mRNA.	negative	93114263	93167366	53103	4	42953..43335:   within  intron 2 
Pphln1	NM_175363	periphilin 1 (Pphln1), transcript variant 2, mRNA.	positive	93228780	93322343	93563	9	81084..81625:   within  intron 8 
Pphln1	NM_146062	periphilin 1 (Pphln1), transcript variant 1, mRNA.	positive	93228780	93322343	93563	10	81084..81625:   within  intron 9 
Pphln1	NM_001083114	periphilin 1 (Pphln1), transcript variant 3, mRNA.	positive	93228780	93322343	93563	8	81084..81625:   within  intron 7 
Pphln1	NM_001285864	periphilin 1 (Pphln1), transcript variant 5, mRNA.	positive	93228780	93322343	93563	7	81084..81625:   within  intron 6 
Pphln1	NM_001285863	periphilin 1 (Pphln1), transcript variant 4, mRNA.	positive	93228780	93322343	93563	8	81084..81625:   within  intron 7 
Rapgef3	NM_001177810	Rap guanine nucleotide exchange factor (GEF) 3 (Rapgef3), transcript variant 1, mRNA.	negative	97575200	97598097	22897	28	17981..18428:   within  intron 2 
Rapgef3	NM_144850	Rap guanine nucleotide exchange factor (GEF) 3 (Rapgef3), transcript variant 2, mRNA.	negative	97575200	97598097	22897	28	17981..18428:   within  intron 2 
Rapgef3	NM_001177811	Rap guanine nucleotide exchange factor (GEF) 3 (Rapgef3), transcript variant 3, mRNA.	negative	97575200	97598097	22897	27	17981..18428:   within  intron 2 
Slc48a1	NM_026353	solute carrier family 48 (heme transporter), member 1 (Slc48a1), mRNA.	positive	97614795	97623123	8328	3	-3734..-2966:   3.0 kbp upstream from the first exon
4930415O20Rik	NM_001201322	RIKEN cDNA 4930415O20 gene (4930415O20Rik), mRNA.	positive	98401434	98420019	18585	4	14188..14876:   starts in  intron 1, ends in   intron 2
Fkbp11	NM_024169	FK506 binding protein 11 (Fkbp11), mRNA.	negative	98554798	98558629	3831	6	6327..7161:   2.5 kbp upstream from the first exon
Mcrs1	NM_001164156	microspherule protein 1 (Mcrs1), transcript variant 2, mRNA.	negative	99073247	99082392	9145	14	-6872..-6321:   6.3 kbp downstream from the last exon
Mcrs1	NM_016766	microspherule protein 1 (Mcrs1), transcript variant 1, mRNA.	negative	99073247	99082392	9145	15	-6872..-6321:   6.3 kbp downstream from the last exon
Kcnh3	NM_010601	potassium voltage-gated channel, subfamily H (eag-related), member 3 (Kcnh3), mRNA.	positive	99055406	99073248	17842	15	10969..11520:   within  intron 10 
Fmnl3	NM_011711	formin-like 3 (Fmnl3), transcript variant 1, mRNA.	negative	99147642	99200913	53271	27	34569..34903:   within  intron 1 
Fmnl3	NM_001310622	formin-like 3 (Fmnl3), transcript variant 2, mRNA.	negative	99147642	99200913	53271	26	34569..34903:   within  intron 1 
Fmnl3	NM_001310623	formin-like 3 (Fmnl3), transcript variant 3, mRNA.	negative	99147642	99200913	53271	25	34569..34903:   within  intron 1 
Tmbim6	NM_001171036	transmembrane BAX inhibitor motif containing 6 (Tmbim6), transcript variant 3, mRNA.	positive	99223377	99240480	17103	11	12100..12779:   starts in  intron 5, ends in   exon 6
Tmbim6	NM_001171035	transmembrane BAX inhibitor motif containing 6 (Tmbim6), transcript variant 2, mRNA.	positive	99223377	99240480	17103	10	12100..12779:   starts in  intron 4, ends in   exon 5
Tmbim6	NM_001171034	transmembrane BAX inhibitor motif containing 6 (Tmbim6), transcript variant 1, mRNA.	positive	99223377	99240480	17103	11	12100..12779:   starts in  intron 5, ends in   exon 6
Tmbim6	NM_026669	transmembrane BAX inhibitor motif containing 6 (Tmbim6), transcript variant 4, mRNA.	positive	99223377	99240480	17103	10	12100..12779:   starts in  intron 4, ends in   exon 5
Cox14	NM_183256	cytochrome c oxidase assembly protein 14 (Cox14), mRNA.	positive	99556048	99558567	2519	2	-10608..-9727:   9.7 kbp upstream from the first exon	-8097..-7452:   7.5 kbp upstream from the first exon
Asic1	NM_001289791	acid-sensing (proton-gated) ion channel 1 (Asic1), transcript variant 2, mRNA.	positive	99522185	99531561	9376	10	-745..-204:   204 bp upstream from the first exon
Larp4	NM_001024526	La ribonucleoprotein domain family, member 4 (Larp4), transcript variant 1, mRNA.	positive	99800495	99846789	46294	16	48123..49221:   1.8 kbp downstream from the last exon
Larp4	NM_001284523	La ribonucleoprotein domain family, member 4 (Larp4), transcript variant 5, mRNA.	positive	99800495	99846789	46294	16	48123..49221:   1.8 kbp downstream from the last exon
Larp4	NM_001284522	La ribonucleoprotein domain family, member 4 (Larp4), transcript variant 4, mRNA.	positive	99800495	99846789	46294	16	48123..49221:   1.8 kbp downstream from the last exon
Larp4	NM_001080948	La ribonucleoprotein domain family, member 4 (Larp4), transcript variant 2, mRNA.	positive	99800495	99846789	46294	16	48123..49221:   1.8 kbp downstream from the last exon
Larp4	NM_001284521	La ribonucleoprotein domain family, member 4 (Larp4), transcript variant 3, mRNA.	positive	99800495	99846789	46294	16	48123..49221:   1.8 kbp downstream from the last exon
Slc11a2	NM_008732	solute carrier family 11 (proton-coupled divalent metal ion transporters), member 2 (Slc11a2), transcript variant 2, mRNA.	negative	100218330	100253486	35156	17	15531..16789:   starts in  intron 8, ends in   intron 9
Slc11a2	NM_001146161	solute carrier family 11 (proton-coupled divalent metal ion transporters), member 2 (Slc11a2), transcript variant 1, mRNA.	negative	100218330	100253486	35156	16	15531..16789:   starts in  intron 8, ends in   intron 9
Letmd1	NM_134093	LETM1 domain containing 1 (Letmd1), mRNA.	positive	100299464	100309683	10219	9	-8275..-7613:   7.6 kbp upstream from the first exon
Acvrl1	NM_009612	activin A receptor, type II-like 1 (Acvrl1), transcript variant 1, mRNA.	positive	100958952	100975767	16815	11	16686..17691:   starts in  exon 11, ends after the last exon 
Acvrl1	NM_001277255	activin A receptor, type II-like 1 (Acvrl1), transcript variant 5, mRNA.	positive	100958952	100975767	16815	12	16686..17691:   starts in  exon 12, ends after the last exon 
Acvrl1	NM_001277257	activin A receptor, type II-like 1 (Acvrl1), transcript variant 3, mRNA.	positive	100958952	100975767	16815	11	16686..17691:   starts in  exon 11, ends after the last exon 
Acvrl1	NM_001277258	activin A receptor, type II-like 1 (Acvrl1), transcript variant 4, mRNA.	positive	100958952	100975767	16815	11	16686..17691:   starts in  exon 11, ends after the last exon 
Acvrl1	NM_001277259	activin A receptor, type II-like 1 (Acvrl1), transcript variant 2, mRNA.	positive	100958952	100975767	16815	12	16686..17691:   starts in  exon 12, ends after the last exon 
Krt81	NM_001166157	keratin 81 (Krt81), mRNA.	negative	101289491	101294196	4705	9	12722..13511:   8.0 kbp upstream from the first exon	-5444..-4858:   4.9 kbp downstream from the last exon
Krt83	NM_001003668	keratin 83 (Krt83), mRNA.	negative	101261920	101269235	7315	9	9258..9710:   1.9 kbp upstream from the first exon
1700011A15Rik	NM_025487	RIKEN cDNA 1700011A15 gene (1700011A15Rik), mRNA.	positive	101278175	101284340	6165	5	-6997..-6545:   6.5 kbp upstream from the first exon	5872..6458:   starts in  exon 5, ends after the last exon 
Krt1	NM_008473	keratin 1 (Krt1), mRNA.	negative	101675856	101681217	5361	9	7157..7625:   1.8 kbp upstream from the first exon
Eif4b	NM_145625	eukaryotic translation initiation factor 4B (Eif4b), mRNA.	positive	101904203	101927604	23401	15	27417..29290:   4.0 kbp downstream from the last exon	29587..30896:   6.2 kbp downstream from the last exon
Tns2	NM_153533	tensin 2 (Tns2), mRNA.	positive	101933418	101946832	13414	29	-1798..75:   starts before the first exon, ends in  exon 1 	372..1681:   starts in  intron 1, ends in   intron 2
Rarg	NM_011244	retinoic acid receptor, gamma (Rarg), transcript variant 1, mRNA.	negative	102065368	102087953	22585	10	20762..21480:   within  intron 2 
Rarg	NM_001042727	retinoic acid receptor, gamma (Rarg), transcript variant 2, mRNA.	negative	102065368	102087953	22585	8	20762..21480:   9.2 kbp upstream from the first exon
Zfp740	NM_001289691	zinc finger protein 740 (Zfp740), transcript variant 2, mRNA.	positive	102034075	102046041	11966	8	-774..782:   starts before the first exon, ends in  intron 1 	827..1844:   starts in  intron 1, ends in   intron 3
Zfp740	NM_001289694	zinc finger protein 740 (Zfp740), transcript variant 3, mRNA.	positive	102034075	102046041	11966	7	-774..782:   starts before the first exon, ends in  intron 1 	827..1844:   starts in  intron 1, ends in   intron 3
Zfp740	NM_001289695	zinc finger protein 740 (Zfp740), transcript variant 4, mRNA.	positive	102034075	102046041	11966	7	-774..782:   144 bp upstream from the first exon	827..1844:   starts before the first exon, ends in  intron 2 
Zfp740	NM_001289690	zinc finger protein 740 (Zfp740), transcript variant 1, mRNA.	positive	102034075	102046041	11966	6	-774..782:   144 bp upstream from the first exon	827..1844:   starts before the first exon, ends in  intron 1 
Hnrnpa1	NM_001039129	heterogeneous nuclear ribonucleoprotein A1 (Hnrnpa1), transcript variant 2, mRNA.	positive	103070827	103075393	4566	11	-10901..-9960:   10.0 kbp upstream from the first exon
Hnrnpa1	NM_010447	heterogeneous nuclear ribonucleoprotein A1 (Hnrnpa1), transcript variant 1, mRNA.	positive	103070827	103075393	4566	10	-10901..-9960:   10.0 kbp upstream from the first exon
Itga5	NM_010577	integrin alpha 5 (fibronectin receptor alpha) (Itga5), transcript variant 1, mRNA.	negative	103174717	103197222	22505	30	23648..24392:   1.1 kbp upstream from the first exon
Itga5	NM_001314041	integrin alpha 5 (fibronectin receptor alpha) (Itga5), transcript variant 2, mRNA.	negative	103174717	103197222	22505	31	23648..24392:   1.1 kbp upstream from the first exon
